episode_reward_max,episode_reward_min,episode_reward_mean,episode_len_mean,episodes_this_iter,num_healthy_workers,timesteps_total,done,episodes_total,training_iteration,experiment_id,date,timestamp,time_this_iter_s,time_total_s,pid,hostname,node_ip,time_since_restore,timesteps_since_restore,iterations_since_restore,trial_id,hist_stats/episode_reward,hist_stats/episode_lengths,sampler_perf/mean_env_wait_ms,sampler_perf/mean_raw_obs_processing_ms,sampler_perf/mean_inference_ms,sampler_perf/mean_action_processing_ms,timers/sample_time_ms,timers/sample_throughput,timers/learn_time_ms,timers/learn_throughput,timers/update_time_ms,info/num_steps_sampled,info/num_steps_trained,perf/cpu_util_percent,perf/ram_util_percent,perf/gpu_util_percent0,perf/vram_util_percent0,info/learner/default_policy/allreduce_latency,info/learner/default_policy/cur_kl_coeff,info/learner/default_policy/cur_lr,info/learner/default_policy/total_loss,info/learner/default_policy/policy_loss,info/learner/default_policy/vf_loss,info/learner/default_policy/vf_explained_var,info/learner/default_policy/kl,info/learner/default_policy/entropy,info/learner/default_policy/entropy_coeff
-421.48620337669945,-27103.94602583469,-6622.974368014559,242.0,20,5,4840,False,20,1,d3bdbc0ad9ad4b258cc4f536fde97f87,2021-06-06_17-09-32,1622988572,15.651875972747803,15.651875972747803,17196,hany606,192.168.0.107,15.651875972747803,0,1,c13f8_00000,"[-3016.878408393499, -10620.361425258874, -19334.09519214332, -647.7603555130265, -421.48620337669945, -1253.4466205320502, -27103.94602583469, -520.5433140360354, -4703.406387052805, -9158.66425031125, -3504.1061811452205, -18662.762507947034, -662.5912809416835, -1674.802079329038, -4956.79927594301, -11634.626348619879, -5096.49678352866, -5113.031659726068, -638.8064916392497, -3734.8765690190726]","[242, 242, 242, 242, 242, 242, 242, 242, 242, 242, 242, 242, 242, 242, 242, 242, 242, 242, 242, 242]",0.991655060381343,0.2519731551131966,1.2985690090309359,0.09490855584080618,2642.707,1831.456,12998.668,372.346,4.226,4840,4840,29.370000000000005,83.34,0.44350000000000006,0.42074486012807555,0.0,0.20000000000000004,4.999999999999999e-05,12131310.47368421,-0.03617178663415344,12131310.657894736,0.002876382,0.03415510494654116,5.736784784417403,0.0
-420.19565479910403,-27103.94602583469,-5407.078240504723,242.0,20,5,9680,False,40,2,d3bdbc0ad9ad4b258cc4f536fde97f87,2021-06-06_17-09-51,1622988591,18.52386975288391,34.175745725631714,17196,hany606,192.168.0.107,34.175745725631714,0,2,c13f8_00000,"[-5234.446959623302, -1785.960742200659, -7476.194364372672, -7462.772898860873, -420.19565479910403, -2742.293941829017, -1046.534365786131, -1296.653044982013, -1474.8694211612278, -2492.8341697821297, -1667.6543353464717, -9098.9950997008, -712.569078792188, -1956.0560315583643, -3396.5380075580365, -11514.23145106204, -10983.600801745415, -723.2583056884615, -8340.722967087851, -3997.2606179609606, -3016.878408393499, -10620.361425258874, -19334.09519214332, -647.7603555130265, -421.48620337669945, -1253.4466205320502, -27103.94602583469, -520.5433140360354, -4703.406387052805, -9158.66425031125, -3504.1061811452205, -18662.762507947034, -662.5912809416835, -1674.802079329038, -4956.79927594301, -11634.626348619879, -5096.49678352866, -5113.031659726068, -638.8064916392497, -3734.8765690190726]","[242, 242, 242, 242, 242, 242, 242, 242, 242, 242, 242, 242, 242, 242, 242, 242, 242, 242, 242, 242, 242, 242, 242, 242, 242, 242, 242, 242, 242, 242, 242, 242, 242, 242, 242, 242, 242, 242, 242, 242]",1.3028336665044218,0.3404801045726743,1.7470135296634965,0.12436995783628865,4405.377,1098.657,12672.552,381.928,3.903,9680,9680,45.22173913043479,83.59130434782608,0.517391304347826,0.4246347503700121,0.0,0.30000000000000016,4.999999999999999e-05,3479862.3815789474,-0.02318981628080732,3479862.3815789474,0.004803488,0.018117297318224843,5.702394221958361,0.0
-355.00681041194366,-41720.787444440604,-5538.283764112144,242.0,20,5,14520,False,60,3,d3bdbc0ad9ad4b258cc4f536fde97f87,2021-06-06_17-10-04,1622988604,13.203748226165771,47.379493951797485,17196,hany606,192.168.0.107,47.379493951797485,0,3,c13f8_00000,"[-2878.1567716723625, -1827.4125525847617, -380.7270323641443, -41720.787444440604, -2429.126386985227, -1479.1484090240108, -16300.049481544018, -1947.8483174598466, -4920.927993595059, -355.00681041194366, -2066.3522206257676, -2395.3726282380844, -11269.204245451414, -483.0993333237893, -10395.930743757443, -2400.802674961498, -412.5888110340599, -8552.982808569495, -1801.9315468201166, -1996.4400136761412, -3016.878408393499, -10620.361425258874, -19334.09519214332, -647.7603555130265, -421.48620337669945, -1253.4466205320502, -27103.94602583469, -520.5433140360354, -4703.406387052805, -9158.66425031125, -3504.1061811452205, -18662.762507947034, -662.5912809416835, -1674.802079329038, -4956.79927594301, -11634.626348619879, -5096.49678352866, -5113.031659726068, -638.8064916392497, -3734.8765690190726, -5234.446959623302, -1785.960742200659, -7476.194364372672, -7462.772898860873, -420.19565479910403, -2742.293941829017, -1046.534365786131, -1296.653044982013, -1474.8694211612278, -2492.8341697821297, -1667.6543353464717, -9098.9950997008, -712.569078792188, -1956.0560315583643, -3396.5380075580365, -11514.23145106204, -10983.600801745415, -723.2583056884615, -8340.722967087851, -3997.2606179609606]","[242, 242, 242, 242, 242, 242, 242, 242, 242, 242, 242, 242, 242, 242, 242, 242, 242, 242, 242, 242, 242, 242, 242, 242, 242, 242, 242, 242, 242, 242, 242, 242, 242, 242, 242, 242, 242, 242, 242, 242, 242, 242, 242, 242, 242, 242, 242, 242, 242, 242, 242, 242, 242, 242, 242, 242, 242, 242, 242, 242]",1.339476396222579,0.35434172868638086,1.8111800738300512,0.12855115709904677,3918.177,1235.268,11864.932,407.925,4.001,14520,14520,31.48823529411765,83.11764705882354,0.22294117647058823,0.4200321180039256,0.0,0.30000000000000016,4.999999999999999e-05,15883157.828947369,-0.024195922121993806,15883158.092105264,0.0012770593,0.016897027699374838,5.69133828815661,0.0
-355.00681041194366,-41720.787444440604,-5371.327960262158,242.0,20,5,19360,False,80,4,d3bdbc0ad9ad4b258cc4f536fde97f87,2021-06-06_17-10-17,1622988617,12.571967124938965,59.95146107673645,17196,hany606,192.168.0.107,59.95146107673645,0,4,c13f8_00000,"[-3982.2640250715076, -16690.33417388267, -10543.84175391903, -976.6068540536733, -557.3343040657004, -4319.628189230357, -7684.220370598687, -2785.0164891568324, -4516.917328096332, -3732.108432377664, -4094.5620865880765, -2834.105858249663, -553.6224700684965, -3371.3858215717582, -3629.3273886600496, -1368.0860339978942, -5880.7946071008455, -1605.1670107587279, -2146.439668356461, -16137.448108439523, -3016.878408393499, -10620.361425258874, -19334.09519214332, -647.7603555130265, -421.48620337669945, -1253.4466205320502, -27103.94602583469, -520.5433140360354, -4703.406387052805, -9158.66425031125, -3504.1061811452205, -18662.762507947034, -662.5912809416835, -1674.802079329038, -4956.79927594301, -11634.626348619879, -5096.49678352866, -5113.031659726068, -638.8064916392497, -3734.8765690190726, -5234.446959623302, -1785.960742200659, -7476.194364372672, -7462.772898860873, -420.19565479910403, -2742.293941829017, -1046.534365786131, -1296.653044982013, -1474.8694211612278, -2492.8341697821297, -1667.6543353464717, -9098.9950997008, -712.569078792188, -1956.0560315583643, -3396.5380075580365, -11514.23145106204, -10983.600801745415, -723.2583056884615, -8340.722967087851, -3997.2606179609606, -2878.1567716723625, -1827.4125525847617, -380.7270323641443, -41720.787444440604, -2429.126386985227, -1479.1484090240108, -16300.049481544018, -1947.8483174598466, -4920.927993595059, -355.00681041194366, -2066.3522206257676, -2395.3726282380844, -11269.204245451414, -483.0993333237893, -10395.930743757443, -2400.802674961498, -412.5888110340599, -8552.982808569495, -1801.9315468201166, -1996.4400136761412]","[242, 242, 242, 242, 242, 242, 242, 242, 242, 242, 242, 242, 242, 242, 242, 242, 242, 242, 242, 242, 242, 242, 242, 242, 242, 242, 242, 242, 242, 242, 242, 242, 242, 242, 242, 242, 242, 242, 242, 242, 242, 242, 242, 242, 242, 242, 242, 242, 242, 242, 242, 242, 242, 242, 242, 242, 242, 242, 242, 242, 242, 242, 242, 242, 242, 242, 242, 242, 242, 242, 242, 242, 242, 242, 242, 242, 242, 242, 242, 242]",1.33405694303597,0.3556666328287399,1.8127992047595818,0.12859635481974668,3686.964,1312.733,11290.903,428.664,3.864,19360,19360,30.00625,83.36875,0.2325,0.4185309234917425,0.0,0.30000000000000016,4.999999999999999e-05,5471103.802631579,-0.022594990135219536,5471103.769736842,-0.0025714447,0.0151069109622193,5.673536451239335,0.0
-327.5501358723369,-41720.787444440604,-4836.631552388381,242.0,20,5,24200,False,100,5,d3bdbc0ad9ad4b258cc4f536fde97f87,2021-06-06_17-10-29,1622988629,12.29447603225708,72.24593710899353,17196,hany606,192.168.0.107,72.24593710899353,0,5,c13f8_00000,"[-3914.2357178791317, -358.1197454191818, -5060.858901091712, -1058.142888773516, -4397.828063121157, -1234.2108240230411, -327.5501358723369, -336.7904861106496, -370.68233169471074, -2010.1504775403837, -14819.82412295997, -370.3474168247542, -8547.68898638497, -2514.7884053847893, -438.7365103273278, -2522.474304731935, -2094.5566298502185, -424.89416474402736, -1046.881187791505, -2108.1571173402335, -3016.878408393499, -10620.361425258874, -19334.09519214332, -647.7603555130265, -421.48620337669945, -1253.4466205320502, -27103.94602583469, -520.5433140360354, -4703.406387052805, -9158.66425031125, -3504.1061811452205, -18662.762507947034, -662.5912809416835, -1674.802079329038, -4956.79927594301, -11634.626348619879, -5096.49678352866, -5113.031659726068, -638.8064916392497, -3734.8765690190726, -5234.446959623302, -1785.960742200659, -7476.194364372672, -7462.772898860873, -420.19565479910403, -2742.293941829017, -1046.534365786131, -1296.653044982013, -1474.8694211612278, -2492.8341697821297, -1667.6543353464717, -9098.9950997008, -712.569078792188, -1956.0560315583643, -3396.5380075580365, -11514.23145106204, -10983.600801745415, -723.2583056884615, -8340.722967087851, -3997.2606179609606, -2878.1567716723625, -1827.4125525847617, -380.7270323641443, -41720.787444440604, -2429.126386985227, -1479.1484090240108, -16300.049481544018, -1947.8483174598466, -4920.927993595059, -355.00681041194366, -2066.3522206257676, -2395.3726282380844, -11269.204245451414, -483.0993333237893, -10395.930743757443, -2400.802674961498, -412.5888110340599, -8552.982808569495, -1801.9315468201166, -1996.4400136761412, -3982.2640250715076, -16690.33417388267, -10543.84175391903, -976.6068540536733, -557.3343040657004, -4319.628189230357, -7684.220370598687, -2785.0164891568324, -4516.917328096332, -3732.108432377664, -4094.5620865880765, -2834.105858249663, -553.6224700684965, -3371.3858215717582, -3629.3273886600496, -1368.0860339978942, -5880.7946071008455, -1605.1670107587279, -2146.439668356461, -16137.448108439523]","[242, 242, 242, 242, 242, 242, 242, 242, 242, 242, 242, 242, 242, 242, 242, 242, 242, 242, 242, 242, 242, 242, 242, 242, 242, 242, 242, 242, 242, 242, 242, 242, 242, 242, 242, 242, 242, 242, 242, 242, 242, 242, 242, 242, 242, 242, 242, 242, 242, 242, 242, 242, 242, 242, 242, 242, 242, 242, 242, 242, 242, 242, 242, 242, 242, 242, 242, 242, 242, 242, 242, 242, 242, 242, 242, 242, 242, 242, 242, 242, 242, 242, 242, 242, 242, 242, 242, 242, 242, 242, 242, 242, 242, 242, 242, 242, 242, 242, 242, 242]",1.317225784746407,0.35304488894468683,1.7961819384818665,0.12746013248027854,3518.105,1375.741,10921.154,443.177,3.888,24200,24200,27.48125,84.0,0.24875,0.4181833501853724,0.0,0.30000000000000016,4.999999999999999e-05,2233337.9342105263,-0.0204180491303927,2233337.9572368423,0.00084460725,0.015699920220006453,5.591549572191741,0.0
-327.5501358723369,-41720.787444440604,-4055.450833875628,242.0,20,5,29040,False,120,6,d3bdbc0ad9ad4b258cc4f536fde97f87,2021-06-06_17-10-41,1622988641,11.971644878387451,84.21758198738098,17196,hany606,192.168.0.107,84.21758198738098,0,6,c13f8_00000,"[-390.2067596271385, -9607.842809233684, -1220.3001839187564, -667.0069098843213, -563.1598566160759, -8813.81069504799, -3959.8999732546745, -2536.689077878437, -1493.5513442972976, -1489.2545467085038, -564.8631091367555, -343.20848356281755, -591.7563294743223, -3833.884753170536, -2255.4568333913057, -389.569276617891, -4293.915390962377, -1425.7654835836759, -733.5083993469082, -9167.765293302362, -5234.446959623302, -1785.960742200659, -7476.194364372672, -7462.772898860873, -420.19565479910403, -2742.293941829017, -1046.534365786131, -1296.653044982013, -1474.8694211612278, -2492.8341697821297, -1667.6543353464717, -9098.9950997008, -712.569078792188, -1956.0560315583643, -3396.5380075580365, -11514.23145106204, -10983.600801745415, -723.2583056884615, -8340.722967087851, -3997.2606179609606, -2878.1567716723625, -1827.4125525847617, -380.7270323641443, -41720.787444440604, -2429.126386985227, -1479.1484090240108, -16300.049481544018, -1947.8483174598466, -4920.927993595059, -355.00681041194366, -2066.3522206257676, -2395.3726282380844, -11269.204245451414, -483.0993333237893, -10395.930743757443, -2400.802674961498, -412.5888110340599, -8552.982808569495, -1801.9315468201166, -1996.4400136761412, -3982.2640250715076, -16690.33417388267, -10543.84175391903, -976.6068540536733, -557.3343040657004, -4319.628189230357, -7684.220370598687, -2785.0164891568324, -4516.917328096332, -3732.108432377664, -4094.5620865880765, -2834.105858249663, -553.6224700684965, -3371.3858215717582, -3629.3273886600496, -1368.0860339978942, -5880.7946071008455, -1605.1670107587279, -2146.439668356461, -16137.448108439523, -3914.2357178791317, -358.1197454191818, -5060.858901091712, -1058.142888773516, -4397.828063121157, -1234.2108240230411, -327.5501358723369, -336.7904861106496, -370.68233169471074, -2010.1504775403837, -14819.82412295997, -370.3474168247542, -8547.68898638497, -2514.7884053847893, -438.7365103273278, -2522.474304731935, -2094.5566298502185, -424.89416474402736, -1046.881187791505, -2108.1571173402335]","[242, 242, 242, 242, 242, 242, 242, 242, 242, 242, 242, 242, 242, 242, 242, 242, 242, 242, 242, 242, 242, 242, 242, 242, 242, 242, 242, 242, 242, 242, 242, 242, 242, 242, 242, 242, 242, 242, 242, 242, 242, 242, 242, 242, 242, 242, 242, 242, 242, 242, 242, 242, 242, 242, 242, 242, 242, 242, 242, 242, 242, 242, 242, 242, 242, 242, 242, 242, 242, 242, 242, 242, 242, 242, 242, 242, 242, 242, 242, 242, 242, 242, 242, 242, 242, 242, 242, 242, 242, 242, 242, 242, 242, 242, 242, 242, 242, 242, 242, 242]",1.361948767133748,0.36959642187771224,1.8726147499216461,0.132387865492299,3425.869,1412.78,10600.273,456.592,3.816,29040,29040,28.159999999999993,84.67999999999999,0.26666666666666666,0.4176272328951803,0.0,0.30000000000000016,4.999999999999999e-05,1764528.855263158,-0.02609988230917799,1764528.8651315789,0.0003284059,0.01882731973340637,5.604121634834691,0.0
-327.5501358723369,-41720.787444440604,-3665.720762898635,242.0,20,5,33880,False,140,7,d3bdbc0ad9ad4b258cc4f536fde97f87,2021-06-06_17-10-53,1622988653,12.07230544090271,96.28988742828369,17196,hany606,192.168.0.107,96.28988742828369,0,7,c13f8_00000,"[-3270.137513101242, -1020.273128960655, -4935.076625409021, -1305.0875871901749, -4471.238766836111, -9145.863403963278, -1338.7157717560322, -496.193773991156, -565.6804024795506, -1101.4506827310781, -463.46816312889854, -914.6735668388599, -540.6812625067155, -344.4794769231275, -580.842190683257, -477.05578537186875, -6319.151012641314, -477.1875789429431, -3871.1599392902813, -3212.2185294527867, -2878.1567716723625, -1827.4125525847617, -380.7270323641443, -41720.787444440604, -2429.126386985227, -1479.1484090240108, -16300.049481544018, -1947.8483174598466, -4920.927993595059, -355.00681041194366, -2066.3522206257676, -2395.3726282380844, -11269.204245451414, -483.0993333237893, -10395.930743757443, -2400.802674961498, -412.5888110340599, -8552.982808569495, -1801.9315468201166, -1996.4400136761412, -3982.2640250715076, -16690.33417388267, -10543.84175391903, -976.6068540536733, -557.3343040657004, -4319.628189230357, -7684.220370598687, -2785.0164891568324, -4516.917328096332, -3732.108432377664, -4094.5620865880765, -2834.105858249663, -553.6224700684965, -3371.3858215717582, -3629.3273886600496, -1368.0860339978942, -5880.7946071008455, -1605.1670107587279, -2146.439668356461, -16137.448108439523, -3914.2357178791317, -358.1197454191818, -5060.858901091712, -1058.142888773516, -4397.828063121157, -1234.2108240230411, -327.5501358723369, -336.7904861106496, -370.68233169471074, -2010.1504775403837, -14819.82412295997, -370.3474168247542, -8547.68898638497, -2514.7884053847893, -438.7365103273278, -2522.474304731935, -2094.5566298502185, -424.89416474402736, -1046.881187791505, -2108.1571173402335, -390.2067596271385, -9607.842809233684, -1220.3001839187564, -667.0069098843213, -563.1598566160759, -8813.81069504799, -3959.8999732546745, -2536.689077878437, -1493.5513442972976, -1489.2545467085038, -564.8631091367555, -343.20848356281755, -591.7563294743223, -3833.884753170536, -2255.4568333913057, -389.569276617891, -4293.915390962377, -1425.7654835836759, -733.5083993469082, -9167.765293302362]","[242, 242, 242, 242, 242, 242, 242, 242, 242, 242, 242, 242, 242, 242, 242, 242, 242, 242, 242, 242, 242, 242, 242, 242, 242, 242, 242, 242, 242, 242, 242, 242, 242, 242, 242, 242, 242, 242, 242, 242, 242, 242, 242, 242, 242, 242, 242, 242, 242, 242, 242, 242, 242, 242, 242, 242, 242, 242, 242, 242, 242, 242, 242, 242, 242, 242, 242, 242, 242, 242, 242, 242, 242, 242, 242, 242, 242, 242, 242, 242, 242, 242, 242, 242, 242, 242, 242, 242, 242, 242, 242, 242, 242, 242, 242, 242, 242, 242, 242, 242]",1.2772919441256896,0.3491093244960407,1.7628743089189383,0.12505636041947094,3365.88,1437.96,10379.797,466.29,3.772,33880,33880,27.3,83.8625,0.254375,0.41762512639029326,0.0,0.30000000000000016,4.999999999999999e-05,1127032.254111842,-0.027911201462541755,1127032.2837171052,0.00016134193,0.019406666832142754,5.515358109223215,0.0
-304.1687946325237,-16690.33417388267,-2969.0202841196665,242.0,20,5,38720,False,160,8,d3bdbc0ad9ad4b258cc4f536fde97f87,2021-06-06_17-11-05,1622988665,12.100628852844238,108.39051628112793,17196,hany606,192.168.0.107,108.39051628112793,0,8,c13f8_00000,"[-821.6778808110371, -748.5576867130827, -759.6394703263416, -374.6778398093703, -2306.102495610087, -435.0506784596627, -15642.12311293722, -872.361830886792, -643.1067729617355, -9849.114392078347, -4403.978803624278, -437.35898537905985, -494.07822424547356, -304.1687946325237, -859.4916276342462, -2516.6625708591723, -3136.1863874429278, -404.3555179359356, -835.921099457948, -499.2341768377485, -3982.2640250715076, -16690.33417388267, -10543.84175391903, -976.6068540536733, -557.3343040657004, -4319.628189230357, -7684.220370598687, -2785.0164891568324, -4516.917328096332, -3732.108432377664, -4094.5620865880765, -2834.105858249663, -553.6224700684965, -3371.3858215717582, -3629.3273886600496, -1368.0860339978942, -5880.7946071008455, -1605.1670107587279, -2146.439668356461, -16137.448108439523, -3914.2357178791317, -358.1197454191818, -5060.858901091712, -1058.142888773516, -4397.828063121157, -1234.2108240230411, -327.5501358723369, -336.7904861106496, -370.68233169471074, -2010.1504775403837, -14819.82412295997, -370.3474168247542, -8547.68898638497, -2514.7884053847893, -438.7365103273278, -2522.474304731935, -2094.5566298502185, -424.89416474402736, -1046.881187791505, -2108.1571173402335, -390.2067596271385, -9607.842809233684, -1220.3001839187564, -667.0069098843213, -563.1598566160759, -8813.81069504799, -3959.8999732546745, -2536.689077878437, -1493.5513442972976, -1489.2545467085038, -564.8631091367555, -343.20848356281755, -591.7563294743223, -3833.884753170536, -2255.4568333913057, -389.569276617891, -4293.915390962377, -1425.7654835836759, -733.5083993469082, -9167.765293302362, -3270.137513101242, -1020.273128960655, -4935.076625409021, -1305.0875871901749, -4471.238766836111, -9145.863403963278, -1338.7157717560322, -496.193773991156, -565.6804024795506, -1101.4506827310781, -463.46816312889854, -914.6735668388599, -540.6812625067155, -344.4794769231275, -580.842190683257, -477.05578537186875, -6319.151012641314, -477.1875789429431, -3871.1599392902813, -3212.2185294527867]","[242, 242, 242, 242, 242, 242, 242, 242, 242, 242, 242, 242, 242, 242, 242, 242, 242, 242, 242, 242, 242, 242, 242, 242, 242, 242, 242, 242, 242, 242, 242, 242, 242, 242, 242, 242, 242, 242, 242, 242, 242, 242, 242, 242, 242, 242, 242, 242, 242, 242, 242, 242, 242, 242, 242, 242, 242, 242, 242, 242, 242, 242, 242, 242, 242, 242, 242, 242, 242, 242, 242, 242, 242, 242, 242, 242, 242, 242, 242, 242, 242, 242, 242, 242, 242, 242, 242, 242, 242, 242, 242, 242, 242, 242, 242, 242, 242, 242, 242, 242]",1.2294626068619998,0.33688746272447945,1.699374717737324,0.12076470139486123,3325.455,1455.44,10213.475,473.884,3.744,38720,38720,28.479999999999993,83.53999999999999,0.26399999999999996,0.4176047635097179,0.0,0.30000000000000016,4.999999999999999e-05,2213609.7253289474,-0.032618213739050064,2213609.7516447366,5.7526326e-05,0.023145356411604506,5.488996292415418,0.0
-304.1687946325237,-15642.12311293722,-2194.1105699830355,242.0,20,5,43560,False,180,9,d3bdbc0ad9ad4b258cc4f536fde97f87,2021-06-06_17-11-17,1622988677,12.035136938095093,120.42565321922302,17196,hany606,192.168.0.107,120.42565321922302,0,9,c13f8_00000,"[-392.54586671803025, -333.6132409799469, -439.99472935277345, -2117.461065247797, -555.842503566538, -1684.6426503135315, -746.9770989667863, -736.049270296201, -446.5636556295277, -847.8233711574642, -421.965402339908, -1968.2615076371292, -2228.205963793845, -488.6984491503195, -426.56490769022537, -1348.5479693070508, -521.2725905056436, -362.9441510827111, -357.05476303951383, -3493.210403805884, -3914.2357178791317, -358.1197454191818, -5060.858901091712, -1058.142888773516, -4397.828063121157, -1234.2108240230411, -327.5501358723369, -336.7904861106496, -370.68233169471074, -2010.1504775403837, -14819.82412295997, -370.3474168247542, -8547.68898638497, -2514.7884053847893, -438.7365103273278, -2522.474304731935, -2094.5566298502185, -424.89416474402736, -1046.881187791505, -2108.1571173402335, -390.2067596271385, -9607.842809233684, -1220.3001839187564, -667.0069098843213, -563.1598566160759, -8813.81069504799, -3959.8999732546745, -2536.689077878437, -1493.5513442972976, -1489.2545467085038, -564.8631091367555, -343.20848356281755, -591.7563294743223, -3833.884753170536, -2255.4568333913057, -389.569276617891, -4293.915390962377, -1425.7654835836759, -733.5083993469082, -9167.765293302362, -3270.137513101242, -1020.273128960655, -4935.076625409021, -1305.0875871901749, -4471.238766836111, -9145.863403963278, -1338.7157717560322, -496.193773991156, -565.6804024795506, -1101.4506827310781, -463.46816312889854, -914.6735668388599, -540.6812625067155, -344.4794769231275, -580.842190683257, -477.05578537186875, -6319.151012641314, -477.1875789429431, -3871.1599392902813, -3212.2185294527867, -821.6778808110371, -748.5576867130827, -759.6394703263416, -374.6778398093703, -2306.102495610087, -435.0506784596627, -15642.12311293722, -872.361830886792, -643.1067729617355, -9849.114392078347, -4403.978803624278, -437.35898537905985, -494.07822424547356, -304.1687946325237, -859.4916276342462, -2516.6625708591723, -3136.1863874429278, -404.3555179359356, -835.921099457948, -499.2341768377485]","[242, 242, 242, 242, 242, 242, 242, 242, 242, 242, 242, 242, 242, 242, 242, 242, 242, 242, 242, 242, 242, 242, 242, 242, 242, 242, 242, 242, 242, 242, 242, 242, 242, 242, 242, 242, 242, 242, 242, 242, 242, 242, 242, 242, 242, 242, 242, 242, 242, 242, 242, 242, 242, 242, 242, 242, 242, 242, 242, 242, 242, 242, 242, 242, 242, 242, 242, 242, 242, 242, 242, 242, 242, 242, 242, 242, 242, 242, 242, 242, 242, 242, 242, 242, 242, 242, 242, 242, 242, 242, 242, 242, 242, 242, 242, 242, 242, 242, 242, 242]",1.1972925841792432,0.3279278723354562,1.6556991211758396,0.11780057438805595,3280.328,1475.462,10090.518,479.658,3.726,43560,43560,26.6125,83.8375,0.241875,0.41764619143916415,0.0,0.44999999999999996,4.999999999999999e-05,139454.23601973685,-0.020183728223568516,139454.24794407896,8.947912e-05,0.011896792063979726,5.432097949479756,0.0
-304.1687946325237,-15642.12311293722,-1875.5196368877428,242.0,20,5,48400,False,200,10,d3bdbc0ad9ad4b258cc4f536fde97f87,2021-06-06_17-11-29,1622988689,11.94969892501831,132.37535214424133,17196,hany606,192.168.0.107,132.37535214424133,0,10,c13f8_00000,"[-858.4927358668912, -405.26139083690686, -1684.3479760502921, -615.9776297786808, -549.5664618724021, -872.6206671998182, -5547.149751875689, -455.9201217953226, -399.2287386683945, -1057.3189501180516, -349.9605655695293, -424.7876029953331, -2099.6031474367996, -704.0551598961888, -312.8407896914287, -431.3801307221005, -818.3649391095314, -970.3783752222106, -2619.6570025836904, -920.9129710469681, -390.2067596271385, -9607.842809233684, -1220.3001839187564, -667.0069098843213, -563.1598566160759, -8813.81069504799, -3959.8999732546745, -2536.689077878437, -1493.5513442972976, -1489.2545467085038, -564.8631091367555, -343.20848356281755, -591.7563294743223, -3833.884753170536, -2255.4568333913057, -389.569276617891, -4293.915390962377, -1425.7654835836759, -733.5083993469082, -9167.765293302362, -3270.137513101242, -1020.273128960655, -4935.076625409021, -1305.0875871901749, -4471.238766836111, -9145.863403963278, -1338.7157717560322, -496.193773991156, -565.6804024795506, -1101.4506827310781, -463.46816312889854, -914.6735668388599, -540.6812625067155, -344.4794769231275, -580.842190683257, -477.05578537186875, -6319.151012641314, -477.1875789429431, -3871.1599392902813, -3212.2185294527867, -821.6778808110371, -748.5576867130827, -759.6394703263416, -374.6778398093703, -2306.102495610087, -435.0506784596627, -15642.12311293722, -872.361830886792, -643.1067729617355, -9849.114392078347, -4403.978803624278, -437.35898537905985, -494.07822424547356, -304.1687946325237, -859.4916276342462, -2516.6625708591723, -3136.1863874429278, -404.3555179359356, -835.921099457948, -499.2341768377485, -392.54586671803025, -333.6132409799469, -439.99472935277345, -2117.461065247797, -555.842503566538, -1684.6426503135315, -746.9770989667863, -736.049270296201, -446.5636556295277, -847.8233711574642, -421.965402339908, -1968.2615076371292, -2228.205963793845, -488.6984491503195, -426.56490769022537, -1348.5479693070508, -521.2725905056436, -362.9441510827111, -357.05476303951383, -3493.210403805884]","[242, 242, 242, 242, 242, 242, 242, 242, 242, 242, 242, 242, 242, 242, 242, 242, 242, 242, 242, 242, 242, 242, 242, 242, 242, 242, 242, 242, 242, 242, 242, 242, 242, 242, 242, 242, 242, 242, 242, 242, 242, 242, 242, 242, 242, 242, 242, 242, 242, 242, 242, 242, 242, 242, 242, 242, 242, 242, 242, 242, 242, 242, 242, 242, 242, 242, 242, 242, 242, 242, 242, 242, 242, 242, 242, 242, 242, 242, 242, 242, 242, 242, 242, 242, 242, 242, 242, 242, 242, 242, 242, 242, 242, 242, 242, 242, 242, 242, 242, 242]",1.1768148730796477,0.32166338460319266,1.6264972291313478,0.1157886739695308,3261.058,1484.181,9966.676,485.618,3.78,48400,48400,27.41333333333334,84.59333333333333,0.24466666666666673,0.4176272328951803,0.0,0.44999999999999996,4.999999999999999e-05,227978.21155427632,-0.019603541267937737,227978.22471217104,3.986296e-05,0.010543851500475094,5.42315391490334,0.0
-304.1687946325237,-15642.12311293722,-1563.8820566968952,242.0,20,5,53240,False,220,11,d3bdbc0ad9ad4b258cc4f536fde97f87,2021-06-06_17-11-42,1622988702,12.157935380935669,144.533287525177,17196,hany606,192.168.0.107,144.533287525177,0,11,c13f8_00000,"[-2083.1087653096392, -441.7713415014577, -1580.7713286560604, -3961.3200687535978, -350.623186977182, -361.93024029660995, -867.3096969725635, -736.9456461655591, -372.55411824756413, -4355.673049790729, -411.8048308084319, -452.60753822868935, -440.38503986652887, -3456.491509116299, -558.5586690734253, -502.0585254291625, -591.9474408648388, -539.1788516411158, -591.7688614133581, -520.8487808182916, -3270.137513101242, -1020.273128960655, -4935.076625409021, -1305.0875871901749, -4471.238766836111, -9145.863403963278, -1338.7157717560322, -496.193773991156, -565.6804024795506, -1101.4506827310781, -463.46816312889854, -914.6735668388599, -540.6812625067155, -344.4794769231275, -580.842190683257, -477.05578537186875, -6319.151012641314, -477.1875789429431, -3871.1599392902813, -3212.2185294527867, -821.6778808110371, -748.5576867130827, -759.6394703263416, -374.6778398093703, -2306.102495610087, -435.0506784596627, -15642.12311293722, -872.361830886792, -643.1067729617355, -9849.114392078347, -4403.978803624278, -437.35898537905985, -494.07822424547356, -304.1687946325237, -859.4916276342462, -2516.6625708591723, -3136.1863874429278, -404.3555179359356, -835.921099457948, -499.2341768377485, -392.54586671803025, -333.6132409799469, -439.99472935277345, -2117.461065247797, -555.842503566538, -1684.6426503135315, -746.9770989667863, -736.049270296201, -446.5636556295277, -847.8233711574642, -421.965402339908, -1968.2615076371292, -2228.205963793845, -488.6984491503195, -426.56490769022537, -1348.5479693070508, -521.2725905056436, -362.9441510827111, -357.05476303951383, -3493.210403805884, -858.4927358668912, -405.26139083690686, -1684.3479760502921, -615.9776297786808, -549.5664618724021, -872.6206671998182, -5547.149751875689, -455.9201217953226, -399.2287386683945, -1057.3189501180516, -349.9605655695293, -424.7876029953331, -2099.6031474367996, -704.0551598961888, -312.8407896914287, -431.3801307221005, -818.3649391095314, -970.3783752222106, -2619.6570025836904, -920.9129710469681]","[242, 242, 242, 242, 242, 242, 242, 242, 242, 242, 242, 242, 242, 242, 242, 242, 242, 242, 242, 242, 242, 242, 242, 242, 242, 242, 242, 242, 242, 242, 242, 242, 242, 242, 242, 242, 242, 242, 242, 242, 242, 242, 242, 242, 242, 242, 242, 242, 242, 242, 242, 242, 242, 242, 242, 242, 242, 242, 242, 242, 242, 242, 242, 242, 242, 242, 242, 242, 242, 242, 242, 242, 242, 242, 242, 242, 242, 242, 242, 242, 242, 242, 242, 242, 242, 242, 242, 242, 242, 242, 242, 242, 242, 242, 242, 242, 242, 242, 242, 242]",1.1613617586273286,0.3162623727985605,1.6041501375194065,0.11425385855471784,3294.544,1469.096,9584.0,505.008,3.689,53240,53240,27.41875,83.41874999999999,0.254375,0.41762512639029326,0.0,0.44999999999999996,4.999999999999999e-05,254317.64329769736,-0.018254023829573078,254317.65953947368,2.3650495e-05,0.009809516639889855,5.511890800375688,0.0
-304.1687946325237,-15642.12311293722,-1299.3183150239151,242.0,20,5,58080,False,240,12,d3bdbc0ad9ad4b258cc4f536fde97f87,2021-06-06_17-11-53,1622988713,11.82758903503418,156.36087656021118,17196,hany606,192.168.0.107,156.36087656021118,0,12,c13f8_00000,"[-680.6288178096496, -331.79124175839354, -343.76648313591426, -650.0091173382405, -795.8782103865518, -404.663006765307, -479.49292574229133, -613.4865196504475, -860.5955539624531, -539.6456652977491, -755.1219192324021, -455.79787613646283, -6321.188784251575, -612.1363938041102, -603.774345116894, -2136.94707286997, -369.441463754201, -416.46967754472126, -562.9582809512718, -460.46763939175054, -821.6778808110371, -748.5576867130827, -759.6394703263416, -374.6778398093703, -2306.102495610087, -435.0506784596627, -15642.12311293722, -872.361830886792, -643.1067729617355, -9849.114392078347, -4403.978803624278, -437.35898537905985, -494.07822424547356, -304.1687946325237, -859.4916276342462, -2516.6625708591723, -3136.1863874429278, -404.3555179359356, -835.921099457948, -499.2341768377485, -392.54586671803025, -333.6132409799469, -439.99472935277345, -2117.461065247797, -555.842503566538, -1684.6426503135315, -746.9770989667863, -736.049270296201, -446.5636556295277, -847.8233711574642, -421.965402339908, -1968.2615076371292, -2228.205963793845, -488.6984491503195, -426.56490769022537, -1348.5479693070508, -521.2725905056436, -362.9441510827111, -357.05476303951383, -3493.210403805884, -858.4927358668912, -405.26139083690686, -1684.3479760502921, -615.9776297786808, -549.5664618724021, -872.6206671998182, -5547.149751875689, -455.9201217953226, -399.2287386683945, -1057.3189501180516, -349.9605655695293, -424.7876029953331, -2099.6031474367996, -704.0551598961888, -312.8407896914287, -431.3801307221005, -818.3649391095314, -970.3783752222106, -2619.6570025836904, -920.9129710469681, -2083.1087653096392, -441.7713415014577, -1580.7713286560604, -3961.3200687535978, -350.623186977182, -361.93024029660995, -867.3096969725635, -736.9456461655591, -372.55411824756413, -4355.673049790729, -411.8048308084319, -452.60753822868935, -440.38503986652887, -3456.491509116299, -558.5586690734253, -502.0585254291625, -591.9474408648388, -539.1788516411158, -591.7688614133581, -520.8487808182916]","[242, 242, 242, 242, 242, 242, 242, 242, 242, 242, 242, 242, 242, 242, 242, 242, 242, 242, 242, 242, 242, 242, 242, 242, 242, 242, 242, 242, 242, 242, 242, 242, 242, 242, 242, 242, 242, 242, 242, 242, 242, 242, 242, 242, 242, 242, 242, 242, 242, 242, 242, 242, 242, 242, 242, 242, 242, 242, 242, 242, 242, 242, 242, 242, 242, 242, 242, 242, 242, 242, 242, 242, 242, 242, 242, 242, 242, 242, 242, 242, 242, 242, 242, 242, 242, 242, 242, 242, 242, 242, 242, 242, 242, 242, 242, 242, 242, 242, 242, 242]",1.1489560498874634,0.31202879326269567,1.5857175659598648,0.1130107950063953,2968.855,1630.258,9240.069,523.806,3.658,58080,58080,27.94666666666667,83.03999999999999,0.25533333333333336,0.4175822941242557,0.0,0.44999999999999996,4.999999999999999e-05,234088.18811677632,-0.026094860936466017,234088.20847039475,1.3897294e-05,0.01600549276918173,5.515600995013588,0.0
-312.8407896914287,-6321.188784251575,-1027.5453103997431,242.0,20,5,62920,False,260,13,d3bdbc0ad9ad4b258cc4f536fde97f87,2021-06-06_17-12-05,1622988725,11.946695566177368,168.30757212638855,17196,hany606,192.168.0.107,168.30757212638855,0,13,c13f8_00000,"[-471.9385167529932, -704.3162894333526, -2285.3886884143276, -337.24484304637485, -901.4282930969634, -951.7661963118717, -319.6144591995457, -396.2366894315383, -1050.321377679404, -613.7787824578135, -541.3401382365081, -599.0371051663204, -755.2737259083136, -562.8141087553211, -554.141844788814, -762.5640033641746, -665.156670489897, -783.0948953467463, -5337.853812515474, -573.2374458300334, -392.54586671803025, -333.6132409799469, -439.99472935277345, -2117.461065247797, -555.842503566538, -1684.6426503135315, -746.9770989667863, -736.049270296201, -446.5636556295277, -847.8233711574642, -421.965402339908, -1968.2615076371292, -2228.205963793845, -488.6984491503195, -426.56490769022537, -1348.5479693070508, -521.2725905056436, -362.9441510827111, -357.05476303951383, -3493.210403805884, -858.4927358668912, -405.26139083690686, -1684.3479760502921, -615.9776297786808, -549.5664618724021, -872.6206671998182, -5547.149751875689, -455.9201217953226, -399.2287386683945, -1057.3189501180516, -349.9605655695293, -424.7876029953331, -2099.6031474367996, -704.0551598961888, -312.8407896914287, -431.3801307221005, -818.3649391095314, -970.3783752222106, -2619.6570025836904, -920.9129710469681, -2083.1087653096392, -441.7713415014577, -1580.7713286560604, -3961.3200687535978, -350.623186977182, -361.93024029660995, -867.3096969725635, -736.9456461655591, -372.55411824756413, -4355.673049790729, -411.8048308084319, -452.60753822868935, -440.38503986652887, -3456.491509116299, -558.5586690734253, -502.0585254291625, -591.9474408648388, -539.1788516411158, -591.7688614133581, -520.8487808182916, -680.6288178096496, -331.79124175839354, -343.76648313591426, -650.0091173382405, -795.8782103865518, -404.663006765307, -479.49292574229133, -613.4865196504475, -860.5955539624531, -539.6456652977491, -755.1219192324021, -455.79787613646283, -6321.188784251575, -612.1363938041102, -603.774345116894, -2136.94707286997, -369.441463754201, -416.46967754472126, -562.9582809512718, -460.46763939175054]","[242, 242, 242, 242, 242, 242, 242, 242, 242, 242, 242, 242, 242, 242, 242, 242, 242, 242, 242, 242, 242, 242, 242, 242, 242, 242, 242, 242, 242, 242, 242, 242, 242, 242, 242, 242, 242, 242, 242, 242, 242, 242, 242, 242, 242, 242, 242, 242, 242, 242, 242, 242, 242, 242, 242, 242, 242, 242, 242, 242, 242, 242, 242, 242, 242, 242, 242, 242, 242, 242, 242, 242, 242, 242, 242, 242, 242, 242, 242, 242, 242, 242, 242, 242, 242, 242, 242, 242, 242, 242, 242, 242, 242, 242, 242, 242, 242, 242, 242, 242]",1.1382024047000274,0.30839771483217776,1.5697151346311975,0.11194125516763577,2967.766,1630.857,9115.389,530.97,3.742,62920,62920,26.9,83.26875,0.245,0.41756193124368046,0.0,0.44999999999999996,4.999999999999999e-05,174624.65357730264,-0.02864885479701977,174624.67701480264,6.2004515e-06,0.014896689473014129,5.537350190313239,0.0
-312.8407896914287,-6321.188784251575,-1044.37255854732,242.0,20,5,67760,False,280,14,d3bdbc0ad9ad4b258cc4f536fde97f87,2021-06-06_17-12-17,1622988737,11.986151933670044,180.2937240600586,17196,hany606,192.168.0.107,180.2937240600586,0,14,c13f8_00000,"[-562.5311033369632, -1126.0755191084565, -3855.1765859297366, -571.3769868524338, -341.02767768176113, -447.6809883887942, -987.9256824877971, -423.66267500324597, -706.0395036711143, -731.7972263498907, -1721.3615427774191, -563.9623453700773, -2284.6193236791046, -476.5072149727144, -875.9802203560473, -378.3374704533389, -3681.4905280666417, -1026.42665990212, -437.1294507167596, -401.85567023411, -858.4927358668912, -405.26139083690686, -1684.3479760502921, -615.9776297786808, -549.5664618724021, -872.6206671998182, -5547.149751875689, -455.9201217953226, -399.2287386683945, -1057.3189501180516, -349.9605655695293, -424.7876029953331, -2099.6031474367996, -704.0551598961888, -312.8407896914287, -431.3801307221005, -818.3649391095314, -970.3783752222106, -2619.6570025836904, -920.9129710469681, -2083.1087653096392, -441.7713415014577, -1580.7713286560604, -3961.3200687535978, -350.623186977182, -361.93024029660995, -867.3096969725635, -736.9456461655591, -372.55411824756413, -4355.673049790729, -411.8048308084319, -452.60753822868935, -440.38503986652887, -3456.491509116299, -558.5586690734253, -502.0585254291625, -591.9474408648388, -539.1788516411158, -591.7688614133581, -520.8487808182916, -680.6288178096496, -331.79124175839354, -343.76648313591426, -650.0091173382405, -795.8782103865518, -404.663006765307, -479.49292574229133, -613.4865196504475, -860.5955539624531, -539.6456652977491, -755.1219192324021, -455.79787613646283, -6321.188784251575, -612.1363938041102, -603.774345116894, -2136.94707286997, -369.441463754201, -416.46967754472126, -562.9582809512718, -460.46763939175054, -471.9385167529932, -704.3162894333526, -2285.3886884143276, -337.24484304637485, -901.4282930969634, -951.7661963118717, -319.6144591995457, -396.2366894315383, -1050.321377679404, -613.7787824578135, -541.3401382365081, -599.0371051663204, -755.2737259083136, -562.8141087553211, -554.141844788814, -762.5640033641746, -665.156670489897, -783.0948953467463, -5337.853812515474, -573.2374458300334]","[242, 242, 242, 242, 242, 242, 242, 242, 242, 242, 242, 242, 242, 242, 242, 242, 242, 242, 242, 242, 242, 242, 242, 242, 242, 242, 242, 242, 242, 242, 242, 242, 242, 242, 242, 242, 242, 242, 242, 242, 242, 242, 242, 242, 242, 242, 242, 242, 242, 242, 242, 242, 242, 242, 242, 242, 242, 242, 242, 242, 242, 242, 242, 242, 242, 242, 242, 242, 242, 242, 242, 242, 242, 242, 242, 242, 242, 242, 242, 242, 242, 242, 242, 242, 242, 242, 242, 242, 242, 242, 242, 242, 242, 242, 242, 242, 242, 242, 242, 242]",1.1296314409525705,0.30578406705257466,1.5563326480879016,0.11104905006325443,2962.52,1633.744,9062.071,534.094,3.805,67760,67760,28.373333333333335,84.06666666666668,0.2493333333333333,0.41769464105156723,0.0,0.44999999999999996,4.999999999999999e-05,193839.3752055921,-0.02237984209664558,193839.39124177632,4.194285e-06,0.009733704801060651,5.464444725137008,0.0
-319.6144591995457,-6321.188784251575,-987.0164865644678,242.0,20,5,72600,False,300,15,d3bdbc0ad9ad4b258cc4f536fde97f87,2021-06-06_17-12-30,1622988750,12.404774188995361,192.69849824905396,17196,hany606,192.168.0.107,192.69849824905396,0,15,c13f8_00000,"[-1088.2442208758378, -2778.786382782273, -1474.4597597201687, -590.9587332978889, -1094.8029143275926, -432.46645456365724, -394.59155358959833, -504.00791411878913, -439.5263743952057, -368.2686704021035, -667.5254264554416, -370.2984234666736, -834.9020677089441, -539.8359399584609, -1158.4967748509805, -489.8826701523601, -712.2775192626772, -997.9203574998359, -415.32228595372356, -1009.6434666687719, -2083.1087653096392, -441.7713415014577, -1580.7713286560604, -3961.3200687535978, -350.623186977182, -361.93024029660995, -867.3096969725635, -736.9456461655591, -372.55411824756413, -4355.673049790729, -411.8048308084319, -452.60753822868935, -440.38503986652887, -3456.491509116299, -558.5586690734253, -502.0585254291625, -591.9474408648388, -539.1788516411158, -591.7688614133581, -520.8487808182916, -680.6288178096496, -331.79124175839354, -343.76648313591426, -650.0091173382405, -795.8782103865518, -404.663006765307, -479.49292574229133, -613.4865196504475, -860.5955539624531, -539.6456652977491, -755.1219192324021, -455.79787613646283, -6321.188784251575, -612.1363938041102, -603.774345116894, -2136.94707286997, -369.441463754201, -416.46967754472126, -562.9582809512718, -460.46763939175054, -471.9385167529932, -704.3162894333526, -2285.3886884143276, -337.24484304637485, -901.4282930969634, -951.7661963118717, -319.6144591995457, -396.2366894315383, -1050.321377679404, -613.7787824578135, -541.3401382365081, -599.0371051663204, -755.2737259083136, -562.8141087553211, -554.141844788814, -762.5640033641746, -665.156670489897, -783.0948953467463, -5337.853812515474, -573.2374458300334, -562.5311033369632, -1126.0755191084565, -3855.1765859297366, -571.3769868524338, -341.02767768176113, -447.6809883887942, -987.9256824877971, -423.66267500324597, -706.0395036711143, -731.7972263498907, -1721.3615427774191, -563.9623453700773, -2284.6193236791046, -476.5072149727144, -875.9802203560473, -378.3374704533389, -3681.4905280666417, -1026.42665990212, -437.1294507167596, -401.85567023411]","[242, 242, 242, 242, 242, 242, 242, 242, 242, 242, 242, 242, 242, 242, 242, 242, 242, 242, 242, 242, 242, 242, 242, 242, 242, 242, 242, 242, 242, 242, 242, 242, 242, 242, 242, 242, 242, 242, 242, 242, 242, 242, 242, 242, 242, 242, 242, 242, 242, 242, 242, 242, 242, 242, 242, 242, 242, 242, 242, 242, 242, 242, 242, 242, 242, 242, 242, 242, 242, 242, 242, 242, 242, 242, 242, 242, 242, 242, 242, 242, 242, 242, 242, 242, 242, 242, 242, 242, 242, 242, 242, 242, 242, 242, 242, 242, 242, 242, 242, 242]",1.1225538814456992,0.30365965557811825,1.5450234195615458,0.11028867975673265,2994.142,1616.49,9041.501,535.309,3.791,72600,72600,27.462500000000002,83.4,0.23875000000000002,0.41757246376811596,0.0,0.44999999999999996,4.999999999999999e-05,60382.65840871711,-0.025020408591157513,60382.6767578125,-2.5253547e-07,0.011788706834378996,5.383697974054437,0.0
-319.6144591995457,-6321.188784251575,-880.8383156689804,242.0,20,5,77440,False,320,16,d3bdbc0ad9ad4b258cc4f536fde97f87,2021-06-06_17-12-42,1622988762,12.384644746780396,205.08314299583435,17196,hany606,192.168.0.107,205.08314299583435,0,16,c13f8_00000,"[-821.6676454316059, -525.5161864364679, -590.7681593152076, -335.5015457641958, -449.4498760537935, -712.6394212070091, -589.6577531052644, -577.6996772823519, -421.01409333614384, -887.8266170036582, -512.7619438292263, -345.14997559136765, -473.73510926319886, -1163.3663386898577, -736.1991931967428, -1099.011297542419, -539.5655153704541, -587.2627087936717, -678.8624656161819, -512.1848775535683, -680.6288178096496, -331.79124175839354, -343.76648313591426, -650.0091173382405, -795.8782103865518, -404.663006765307, -479.49292574229133, -613.4865196504475, -860.5955539624531, -539.6456652977491, -755.1219192324021, -455.79787613646283, -6321.188784251575, -612.1363938041102, -603.774345116894, -2136.94707286997, -369.441463754201, -416.46967754472126, -562.9582809512718, -460.46763939175054, -471.9385167529932, -704.3162894333526, -2285.3886884143276, -337.24484304637485, -901.4282930969634, -951.7661963118717, -319.6144591995457, -396.2366894315383, -1050.321377679404, -613.7787824578135, -541.3401382365081, -599.0371051663204, -755.2737259083136, -562.8141087553211, -554.141844788814, -762.5640033641746, -665.156670489897, -783.0948953467463, -5337.853812515474, -573.2374458300334, -562.5311033369632, -1126.0755191084565, -3855.1765859297366, -571.3769868524338, -341.02767768176113, -447.6809883887942, -987.9256824877971, -423.66267500324597, -706.0395036711143, -731.7972263498907, -1721.3615427774191, -563.9623453700773, -2284.6193236791046, -476.5072149727144, -875.9802203560473, -378.3374704533389, -3681.4905280666417, -1026.42665990212, -437.1294507167596, -401.85567023411, -1088.2442208758378, -2778.786382782273, -1474.4597597201687, -590.9587332978889, -1094.8029143275926, -432.46645456365724, -394.59155358959833, -504.00791411878913, -439.5263743952057, -368.2686704021035, -667.5254264554416, -370.2984234666736, -834.9020677089441, -539.8359399584609, -1158.4967748509805, -489.8826701523601, -712.2775192626772, -997.9203574998359, -415.32228595372356, -1009.6434666687719]","[242, 242, 242, 242, 242, 242, 242, 242, 242, 242, 242, 242, 242, 242, 242, 242, 242, 242, 242, 242, 242, 242, 242, 242, 242, 242, 242, 242, 242, 242, 242, 242, 242, 242, 242, 242, 242, 242, 242, 242, 242, 242, 242, 242, 242, 242, 242, 242, 242, 242, 242, 242, 242, 242, 242, 242, 242, 242, 242, 242, 242, 242, 242, 242, 242, 242, 242, 242, 242, 242, 242, 242, 242, 242, 242, 242, 242, 242, 242, 242, 242, 242, 242, 242, 242, 242, 242, 242, 242, 242, 242, 242, 242, 242, 242, 242, 242, 242, 242, 242]",1.116275507025022,0.30222687248837166,1.5349127470521375,0.10961234100825688,2990.775,1618.31,9086.385,532.665,3.801,77440,77440,29.0,83.10625,0.254375,0.41819388270980784,0.0,0.44999999999999996,4.999999999999999e-05,10361.054661800987,-0.020330897287318583,10361.070518092105,1.4728621e-06,0.009731920877177464,5.319963041104768,0.0
-319.6144591995457,-5337.853812515474,-815.160797765756,242.0,20,5,82280,False,340,17,d3bdbc0ad9ad4b258cc4f536fde97f87,2021-06-06_17-12-55,1622988775,12.522668838500977,217.60581183433533,17196,hany606,192.168.0.107,217.60581183433533,0,17,c13f8_00000,"[-926.2526400967465, -409.00109943735265, -861.884705237246, -328.8906484356815, -454.3330800892841, -476.3340535358434, -1017.5913041511218, -550.6336995204756, -496.4253178934431, -406.4420339466432, -787.2681692679773, -667.1003294838076, -575.6749028289412, -486.6480011691657, -453.36631864880286, -400.95687687226945, -634.7344663952222, -462.85471447091925, -522.3590789364578, -907.7577641605147, -471.9385167529932, -704.3162894333526, -2285.3886884143276, -337.24484304637485, -901.4282930969634, -951.7661963118717, -319.6144591995457, -396.2366894315383, -1050.321377679404, -613.7787824578135, -541.3401382365081, -599.0371051663204, -755.2737259083136, -562.8141087553211, -554.141844788814, -762.5640033641746, -665.156670489897, -783.0948953467463, -5337.853812515474, -573.2374458300334, -562.5311033369632, -1126.0755191084565, -3855.1765859297366, -571.3769868524338, -341.02767768176113, -447.6809883887942, -987.9256824877971, -423.66267500324597, -706.0395036711143, -731.7972263498907, -1721.3615427774191, -563.9623453700773, -2284.6193236791046, -476.5072149727144, -875.9802203560473, -378.3374704533389, -3681.4905280666417, -1026.42665990212, -437.1294507167596, -401.85567023411, -1088.2442208758378, -2778.786382782273, -1474.4597597201687, -590.9587332978889, -1094.8029143275926, -432.46645456365724, -394.59155358959833, -504.00791411878913, -439.5263743952057, -368.2686704021035, -667.5254264554416, -370.2984234666736, -834.9020677089441, -539.8359399584609, -1158.4967748509805, -489.8826701523601, -712.2775192626772, -997.9203574998359, -415.32228595372356, -1009.6434666687719, -821.6676454316059, -525.5161864364679, -590.7681593152076, -335.5015457641958, -449.4498760537935, -712.6394212070091, -589.6577531052644, -577.6996772823519, -421.01409333614384, -887.8266170036582, -512.7619438292263, -345.14997559136765, -473.73510926319886, -1163.3663386898577, -736.1991931967428, -1099.011297542419, -539.5655153704541, -587.2627087936717, -678.8624656161819, -512.1848775535683]","[242, 242, 242, 242, 242, 242, 242, 242, 242, 242, 242, 242, 242, 242, 242, 242, 242, 242, 242, 242, 242, 242, 242, 242, 242, 242, 242, 242, 242, 242, 242, 242, 242, 242, 242, 242, 242, 242, 242, 242, 242, 242, 242, 242, 242, 242, 242, 242, 242, 242, 242, 242, 242, 242, 242, 242, 242, 242, 242, 242, 242, 242, 242, 242, 242, 242, 242, 242, 242, 242, 242, 242, 242, 242, 242, 242, 242, 242, 242, 242, 242, 242, 242, 242, 242, 242, 242, 242, 242, 242, 242, 242, 242, 242, 242, 242, 242, 242, 242, 242]",1.1106620270184768,0.30101925603263885,1.5259425583033421,0.10900901537600788,2974.787,1627.007,9147.461,529.109,3.779,82280,82280,27.456249999999997,83.26875000000001,0.231875,0.4183097404785979,0.0,0.44999999999999996,4.999999999999999e-05,8444.559171977797,-0.01491161661320611,8444.570222553453,4.340159e-06,0.00858185679259661,5.402006212033723,0.0
-299.3999603867293,-16259.594824992353,-943.3864578958002,242.0,20,5,87120,False,360,18,d3bdbc0ad9ad4b258cc4f536fde97f87,2021-06-06_17-13-07,1622988787,11.986509323120117,229.59232115745544,17196,hany606,192.168.0.107,229.59232115745544,0,18,c13f8_00000,"[-431.3794935593711, -962.4748417837982, -340.7067677009893, -16259.594824992353, -734.4636206871761, -417.1595232461183, -929.3624797879284, -575.4805776145397, -598.8928727744329, -531.6776872620042, -336.96150516554064, -883.6729780243716, -432.78531407992466, -546.5065980588662, -299.3999603867293, -1093.265901533245, -579.3048197123176, -627.8173688868009, -1023.4553382486177, -4384.751425725093, -562.5311033369632, -1126.0755191084565, -3855.1765859297366, -571.3769868524338, -341.02767768176113, -447.6809883887942, -987.9256824877971, -423.66267500324597, -706.0395036711143, -731.7972263498907, -1721.3615427774191, -563.9623453700773, -2284.6193236791046, -476.5072149727144, -875.9802203560473, -378.3374704533389, -3681.4905280666417, -1026.42665990212, -437.1294507167596, -401.85567023411, -1088.2442208758378, -2778.786382782273, -1474.4597597201687, -590.9587332978889, -1094.8029143275926, -432.46645456365724, -394.59155358959833, -504.00791411878913, -439.5263743952057, -368.2686704021035, -667.5254264554416, -370.2984234666736, -834.9020677089441, -539.8359399584609, -1158.4967748509805, -489.8826701523601, -712.2775192626772, -997.9203574998359, -415.32228595372356, -1009.6434666687719, -821.6676454316059, -525.5161864364679, -590.7681593152076, -335.5015457641958, -449.4498760537935, -712.6394212070091, -589.6577531052644, -577.6996772823519, -421.01409333614384, -887.8266170036582, -512.7619438292263, -345.14997559136765, -473.73510926319886, -1163.3663386898577, -736.1991931967428, -1099.011297542419, -539.5655153704541, -587.2627087936717, -678.8624656161819, -512.1848775535683, -926.2526400967465, -409.00109943735265, -861.884705237246, -328.8906484356815, -454.3330800892841, -476.3340535358434, -1017.5913041511218, -550.6336995204756, -496.4253178934431, -406.4420339466432, -787.2681692679773, -667.1003294838076, -575.6749028289412, -486.6480011691657, -453.36631864880286, -400.95687687226945, -634.7344663952222, -462.85471447091925, -522.3590789364578, -907.7577641605147]","[242, 242, 242, 242, 242, 242, 242, 242, 242, 242, 242, 242, 242, 242, 242, 242, 242, 242, 242, 242, 242, 242, 242, 242, 242, 242, 242, 242, 242, 242, 242, 242, 242, 242, 242, 242, 242, 242, 242, 242, 242, 242, 242, 242, 242, 242, 242, 242, 242, 242, 242, 242, 242, 242, 242, 242, 242, 242, 242, 242, 242, 242, 242, 242, 242, 242, 242, 242, 242, 242, 242, 242, 242, 242, 242, 242, 242, 242, 242, 242, 242, 242, 242, 242, 242, 242, 242, 242, 242, 242, 242, 242, 242, 242, 242, 242, 242, 242, 242, 242]",1.1063110292680876,0.30015214464935125,1.5186983692049936,0.10852332508113106,2980.007,1624.157,9130.799,530.074,3.808,87120,87120,27.72666666666667,83.8,0.25200000000000006,0.41752612066059996,0.0,0.44999999999999996,4.999999999999999e-05,1619190.7023026317,-0.022413163617449373,1619190.7277960526,1.1387624e-06,0.010519682184646004,5.499916252337004,0.0
-299.3999603867293,-16259.594824992353,-854.9066165923499,242.0,20,5,91960,False,380,19,d3bdbc0ad9ad4b258cc4f536fde97f87,2021-06-06_17-13-19,1622988799,12.396977663040161,241.9892988204956,17196,hany606,192.168.0.107,241.9892988204956,0,19,c13f8_00000,"[-597.0472078236571, -597.3146988015629, -440.3390742110927, -626.0935623638711, -566.7713892749324, -471.61394972231193, -1311.9304692234618, -794.9289191161865, -513.6193037785623, -408.5244951040706, -853.6246930326422, -583.6345033678568, -717.6126657885693, -517.6920626006793, -891.2483014368155, -488.34058315865457, -717.3629064757365, -774.3251201053785, -427.84738540562273, -453.10895420183044, -1088.2442208758378, -2778.786382782273, -1474.4597597201687, -590.9587332978889, -1094.8029143275926, -432.46645456365724, -394.59155358959833, -504.00791411878913, -439.5263743952057, -368.2686704021035, -667.5254264554416, -370.2984234666736, -834.9020677089441, -539.8359399584609, -1158.4967748509805, -489.8826701523601, -712.2775192626772, -997.9203574998359, -415.32228595372356, -1009.6434666687719, -821.6676454316059, -525.5161864364679, -590.7681593152076, -335.5015457641958, -449.4498760537935, -712.6394212070091, -589.6577531052644, -577.6996772823519, -421.01409333614384, -887.8266170036582, -512.7619438292263, -345.14997559136765, -473.73510926319886, -1163.3663386898577, -736.1991931967428, -1099.011297542419, -539.5655153704541, -587.2627087936717, -678.8624656161819, -512.1848775535683, -926.2526400967465, -409.00109943735265, -861.884705237246, -328.8906484356815, -454.3330800892841, -476.3340535358434, -1017.5913041511218, -550.6336995204756, -496.4253178934431, -406.4420339466432, -787.2681692679773, -667.1003294838076, -575.6749028289412, -486.6480011691657, -453.36631864880286, -400.95687687226945, -634.7344663952222, -462.85471447091925, -522.3590789364578, -907.7577641605147, -431.3794935593711, -962.4748417837982, -340.7067677009893, -16259.594824992353, -734.4636206871761, -417.1595232461183, -929.3624797879284, -575.4805776145397, -598.8928727744329, -531.6776872620042, -336.96150516554064, -883.6729780243716, -432.78531407992466, -546.5065980588662, -299.3999603867293, -1093.265901533245, -579.3048197123176, -627.8173688868009, -1023.4553382486177, -4384.751425725093]","[242, 242, 242, 242, 242, 242, 242, 242, 242, 242, 242, 242, 242, 242, 242, 242, 242, 242, 242, 242, 242, 242, 242, 242, 242, 242, 242, 242, 242, 242, 242, 242, 242, 242, 242, 242, 242, 242, 242, 242, 242, 242, 242, 242, 242, 242, 242, 242, 242, 242, 242, 242, 242, 242, 242, 242, 242, 242, 242, 242, 242, 242, 242, 242, 242, 242, 242, 242, 242, 242, 242, 242, 242, 242, 242, 242, 242, 242, 242, 242, 242, 242, 242, 242, 242, 242, 242, 242, 242, 242, 242, 242, 242, 242, 242, 242, 242, 242, 242, 242]",1.1026005613583565,0.2991867455045141,1.5125163806535726,0.10810661651765345,2987.269,1620.209,9159.758,528.398,3.795,91960,91960,27.15625,84.39374999999998,0.24562499999999998,0.4174039433771486,0.0,0.44999999999999996,4.999999999999999e-05,8690.821520353618,-0.020656914646296126,8690.836400082237,3.7974432e-06,0.012704847429535891,5.35704601438422,0.0
-299.3999603867293,-16259.594824992353,-803.2148469290919,242.0,20,5,96800,False,400,20,d3bdbc0ad9ad4b258cc4f536fde97f87,2021-06-06_17-13-31,1622988811,11.990238666534424,253.97953748703003,17196,hany606,192.168.0.107,253.97953748703003,0,20,c13f8_00000,"[-457.10359865447845, -321.79271496699863, -413.65454170374056, -453.9500970165659, -435.7044280525488, -414.16917585055415, -366.79642816327146, -851.8764628059406, -545.2077435545584, -707.6768728047844, -566.9534078990841, -1043.1163237923085, -1001.9597842502797, -370.1764358872239, -474.96263194983385, -521.5310409851212, -653.9191202553211, -626.8803787801255, -500.3999885741828, -465.2097677782329, -821.6676454316059, -525.5161864364679, -590.7681593152076, -335.5015457641958, -449.4498760537935, -712.6394212070091, -589.6577531052644, -577.6996772823519, -421.01409333614384, -887.8266170036582, -512.7619438292263, -345.14997559136765, -473.73510926319886, -1163.3663386898577, -736.1991931967428, -1099.011297542419, -539.5655153704541, -587.2627087936717, -678.8624656161819, -512.1848775535683, -926.2526400967465, -409.00109943735265, -861.884705237246, -328.8906484356815, -454.3330800892841, -476.3340535358434, -1017.5913041511218, -550.6336995204756, -496.4253178934431, -406.4420339466432, -787.2681692679773, -667.1003294838076, -575.6749028289412, -486.6480011691657, -453.36631864880286, -400.95687687226945, -634.7344663952222, -462.85471447091925, -522.3590789364578, -907.7577641605147, -431.3794935593711, -962.4748417837982, -340.7067677009893, -16259.594824992353, -734.4636206871761, -417.1595232461183, -929.3624797879284, -575.4805776145397, -598.8928727744329, -531.6776872620042, -336.96150516554064, -883.6729780243716, -432.78531407992466, -546.5065980588662, -299.3999603867293, -1093.265901533245, -579.3048197123176, -627.8173688868009, -1023.4553382486177, -4384.751425725093, -597.0472078236571, -597.3146988015629, -440.3390742110927, -626.0935623638711, -566.7713892749324, -471.61394972231193, -1311.9304692234618, -794.9289191161865, -513.6193037785623, -408.5244951040706, -853.6246930326422, -583.6345033678568, -717.6126657885693, -517.6920626006793, -891.2483014368155, -488.34058315865457, -717.3629064757365, -774.3251201053785, -427.84738540562273, -453.10895420183044]","[242, 242, 242, 242, 242, 242, 242, 242, 242, 242, 242, 242, 242, 242, 242, 242, 242, 242, 242, 242, 242, 242, 242, 242, 242, 242, 242, 242, 242, 242, 242, 242, 242, 242, 242, 242, 242, 242, 242, 242, 242, 242, 242, 242, 242, 242, 242, 242, 242, 242, 242, 242, 242, 242, 242, 242, 242, 242, 242, 242, 242, 242, 242, 242, 242, 242, 242, 242, 242, 242, 242, 242, 242, 242, 242, 242, 242, 242, 242, 242, 242, 242, 242, 242, 242, 242, 242, 242, 242, 242, 242, 242, 242, 242, 242, 242, 242, 242, 242, 242]",1.0988909432871994,0.29820859995412635,1.5066164872625427,0.10771556867587317,2969.54,1629.882,9181.611,527.141,3.76,96800,96800,28.1875,83.28125,0.24625000000000002,0.4174039433771486,0.0,0.44999999999999996,4.999999999999999e-05,7553.061356393914,-0.017725843446035134,7553.074732730263,0.022775806,0.00970773401327039,5.296901088011892,0.0
-299.3999603867293,-16259.594824992353,-810.0398718672288,242.0,20,5,101640,False,420,21,d3bdbc0ad9ad4b258cc4f536fde97f87,2021-06-06_17-13-43,1622988823,11.811303853988647,265.7908413410187,17196,hany606,192.168.0.107,265.7908413410187,0,21,c13f8_00000,"[-366.5607141513877, -306.85974466638197, -1600.0354909683224, -356.2162419966762, -605.9377346018159, -410.442626353043, -490.5255124319754, -641.495989783906, -650.4940343212634, -733.0176750267601, -949.0789622017577, -393.5192050337215, -749.1633246508386, -465.38474721423444, -1790.7272688132382, -961.4616001231732, -434.46352275694215, -319.8001824054308, -570.9468988219326, -446.21141787329066, -926.2526400967465, -409.00109943735265, -861.884705237246, -328.8906484356815, -454.3330800892841, -476.3340535358434, -1017.5913041511218, -550.6336995204756, -496.4253178934431, -406.4420339466432, -787.2681692679773, -667.1003294838076, -575.6749028289412, -486.6480011691657, -453.36631864880286, -400.95687687226945, -634.7344663952222, -462.85471447091925, -522.3590789364578, -907.7577641605147, -431.3794935593711, -962.4748417837982, -340.7067677009893, -16259.594824992353, -734.4636206871761, -417.1595232461183, -929.3624797879284, -575.4805776145397, -598.8928727744329, -531.6776872620042, -336.96150516554064, -883.6729780243716, -432.78531407992466, -546.5065980588662, -299.3999603867293, -1093.265901533245, -579.3048197123176, -627.8173688868009, -1023.4553382486177, -4384.751425725093, -597.0472078236571, -597.3146988015629, -440.3390742110927, -626.0935623638711, -566.7713892749324, -471.61394972231193, -1311.9304692234618, -794.9289191161865, -513.6193037785623, -408.5244951040706, -853.6246930326422, -583.6345033678568, -717.6126657885693, -517.6920626006793, -891.2483014368155, -488.34058315865457, -717.3629064757365, -774.3251201053785, -427.84738540562273, -453.10895420183044, -457.10359865447845, -321.79271496699863, -413.65454170374056, -453.9500970165659, -435.7044280525488, -414.16917585055415, -366.79642816327146, -851.8764628059406, -545.2077435545584, -707.6768728047844, -566.9534078990841, -1043.1163237923085, -1001.9597842502797, -370.1764358872239, -474.96263194983385, -521.5310409851212, -653.9191202553211, -626.8803787801255, -500.3999885741828, -465.2097677782329]","[242, 242, 242, 242, 242, 242, 242, 242, 242, 242, 242, 242, 242, 242, 242, 242, 242, 242, 242, 242, 242, 242, 242, 242, 242, 242, 242, 242, 242, 242, 242, 242, 242, 242, 242, 242, 242, 242, 242, 242, 242, 242, 242, 242, 242, 242, 242, 242, 242, 242, 242, 242, 242, 242, 242, 242, 242, 242, 242, 242, 242, 242, 242, 242, 242, 242, 242, 242, 242, 242, 242, 242, 242, 242, 242, 242, 242, 242, 242, 242, 242, 242, 242, 242, 242, 242, 242, 242, 242, 242, 242, 242, 242, 242, 242, 242, 242, 242, 242, 242]",1.0953977517202163,0.29704016734339833,1.5011943897813387,0.10735528620748197,2959.523,1635.399,9157.032,528.556,3.756,101640,101640,26.98,82.97333333333333,0.2633333333333333,0.4174474778114819,0.0,0.44999999999999996,4.999999999999999e-05,21968.27400287829,-0.022087767083001763,21968.290064761513,0.019196747,0.012832852325549251,5.142999849821392,0.0
-299.3999603867293,-16259.594824992353,-849.5358359190752,242.0,20,5,106480,False,440,22,d3bdbc0ad9ad4b258cc4f536fde97f87,2021-06-06_17-13-55,1622988835,11.862431526184082,277.65327286720276,17196,hany606,192.168.0.107,277.65327286720276,0,22,c13f8_00000,"[-373.368059939997, -2812.185027534437, -573.1739581066607, -859.6875098072102, -589.9382506638211, -557.6126555644455, -485.610329185423, -1137.377855329933, -383.24398926143425, -842.0769902069798, -820.1523199290135, -513.4281502294613, -892.3290346502212, -1027.705746763575, -409.5336821376386, -661.2394921506725, -1110.9813440731937, -417.88929611154816, -799.262432174376, -509.3094859425142, -431.3794935593711, -962.4748417837982, -340.7067677009893, -16259.594824992353, -734.4636206871761, -417.1595232461183, -929.3624797879284, -575.4805776145397, -598.8928727744329, -531.6776872620042, -336.96150516554064, -883.6729780243716, -432.78531407992466, -546.5065980588662, -299.3999603867293, -1093.265901533245, -579.3048197123176, -627.8173688868009, -1023.4553382486177, -4384.751425725093, -597.0472078236571, -597.3146988015629, -440.3390742110927, -626.0935623638711, -566.7713892749324, -471.61394972231193, -1311.9304692234618, -794.9289191161865, -513.6193037785623, -408.5244951040706, -853.6246930326422, -583.6345033678568, -717.6126657885693, -517.6920626006793, -891.2483014368155, -488.34058315865457, -717.3629064757365, -774.3251201053785, -427.84738540562273, -453.10895420183044, -457.10359865447845, -321.79271496699863, -413.65454170374056, -453.9500970165659, -435.7044280525488, -414.16917585055415, -366.79642816327146, -851.8764628059406, -545.2077435545584, -707.6768728047844, -566.9534078990841, -1043.1163237923085, -1001.9597842502797, -370.1764358872239, -474.96263194983385, -521.5310409851212, -653.9191202553211, -626.8803787801255, -500.3999885741828, -465.2097677782329, -366.5607141513877, -306.85974466638197, -1600.0354909683224, -356.2162419966762, -605.9377346018159, -410.442626353043, -490.5255124319754, -641.495989783906, -650.4940343212634, -733.0176750267601, -949.0789622017577, -393.5192050337215, -749.1633246508386, -465.38474721423444, -1790.7272688132382, -961.4616001231732, -434.46352275694215, -319.8001824054308, -570.9468988219326, -446.21141787329066]","[242, 242, 242, 242, 242, 242, 242, 242, 242, 242, 242, 242, 242, 242, 242, 242, 242, 242, 242, 242, 242, 242, 242, 242, 242, 242, 242, 242, 242, 242, 242, 242, 242, 242, 242, 242, 242, 242, 242, 242, 242, 242, 242, 242, 242, 242, 242, 242, 242, 242, 242, 242, 242, 242, 242, 242, 242, 242, 242, 242, 242, 242, 242, 242, 242, 242, 242, 242, 242, 242, 242, 242, 242, 242, 242, 242, 242, 242, 242, 242, 242, 242, 242, 242, 242, 242, 242, 242, 242, 242, 242, 242, 242, 242, 242, 242, 242, 242, 242, 242]",1.0923978056223802,0.2960127682186301,1.4964616769174384,0.1070360672737391,2963.262,1633.335,9156.896,528.563,3.75,106480,106480,27.299999999999997,83.36,0.25,0.4174362431187507,0.0,0.44999999999999996,4.999999999999999e-05,39191.33308490954,-0.02277714254236535,39191.35081722862,0.016252773,0.011278560434124972,5.191343056528192,0.0
-306.85974466638197,-2812.185027534437,-667.256123650951,242.0,20,5,111320,False,460,23,d3bdbc0ad9ad4b258cc4f536fde97f87,2021-06-06_17-14-10,1622988850,15.135916471481323,292.7891893386841,17196,hany606,192.168.0.107,292.7891893386841,0,23,c13f8_00000,"[-1626.9741225146797, -503.6148272807487, -1959.0621431139318, -618.008793013802, -590.5518427055607, -456.71024169625366, -422.6621098217037, -435.05024181600623, -430.4041062204339, -542.2076751915669, -507.5530815795161, -830.9889380412167, -361.1241624935677, -625.489079142829, -614.9147011767667, -626.1297881476746, -886.964308442482, -387.5886239404443, -478.75465388024736, -856.3892321983645, -597.0472078236571, -597.3146988015629, -440.3390742110927, -626.0935623638711, -566.7713892749324, -471.61394972231193, -1311.9304692234618, -794.9289191161865, -513.6193037785623, -408.5244951040706, -853.6246930326422, -583.6345033678568, -717.6126657885693, -517.6920626006793, -891.2483014368155, -488.34058315865457, -717.3629064757365, -774.3251201053785, -427.84738540562273, -453.10895420183044, -457.10359865447845, -321.79271496699863, -413.65454170374056, -453.9500970165659, -435.7044280525488, -414.16917585055415, -366.79642816327146, -851.8764628059406, -545.2077435545584, -707.6768728047844, -566.9534078990841, -1043.1163237923085, -1001.9597842502797, -370.1764358872239, -474.96263194983385, -521.5310409851212, -653.9191202553211, -626.8803787801255, -500.3999885741828, -465.2097677782329, -366.5607141513877, -306.85974466638197, -1600.0354909683224, -356.2162419966762, -605.9377346018159, -410.442626353043, -490.5255124319754, -641.495989783906, -650.4940343212634, -733.0176750267601, -949.0789622017577, -393.5192050337215, -749.1633246508386, -465.38474721423444, -1790.7272688132382, -961.4616001231732, -434.46352275694215, -319.8001824054308, -570.9468988219326, -446.21141787329066, -373.368059939997, -2812.185027534437, -573.1739581066607, -859.6875098072102, -589.9382506638211, -557.6126555644455, -485.610329185423, -1137.377855329933, -383.24398926143425, -842.0769902069798, -820.1523199290135, -513.4281502294613, -892.3290346502212, -1027.705746763575, -409.5336821376386, -661.2394921506725, -1110.9813440731937, -417.88929611154816, -799.262432174376, -509.3094859425142]","[242, 242, 242, 242, 242, 242, 242, 242, 242, 242, 242, 242, 242, 242, 242, 242, 242, 242, 242, 242, 242, 242, 242, 242, 242, 242, 242, 242, 242, 242, 242, 242, 242, 242, 242, 242, 242, 242, 242, 242, 242, 242, 242, 242, 242, 242, 242, 242, 242, 242, 242, 242, 242, 242, 242, 242, 242, 242, 242, 242, 242, 242, 242, 242, 242, 242, 242, 242, 242, 242, 242, 242, 242, 242, 242, 242, 242, 242, 242, 242, 242, 242, 242, 242, 242, 242, 242, 242, 242, 242, 242, 242, 242, 242, 242, 242, 242, 242, 242, 242]",1.0894392604207914,0.2949714069622338,1.4918994607936975,0.10673136055959499,2969.858,1629.708,9469.033,511.14,3.723,111320,111320,30.544999999999998,84.215,0.3645,0.4194388270980789,0.0,0.44999999999999996,4.999999999999999e-05,23892.71296772204,-0.021576561278810625,23892.728875411183,0.026527656,0.012226676911507783,5.271861829255757,0.0
-306.85974466638197,-2812.185027534437,-674.2588313333899,242.0,20,5,116160,False,480,24,d3bdbc0ad9ad4b258cc4f536fde97f87,2021-06-06_17-14-45,1622988885,34.53022336959839,327.31941270828247,17196,hany606,192.168.0.107,327.31941270828247,0,24,c13f8_00000,"[-481.21820047645804, -682.2323682250637, -413.08476502187267, -589.2550825034881, -1027.687327418572, -1429.636531292086, -396.5123964200842, -554.5086016685128, -488.56943384626425, -427.4961269360214, -650.5575585378136, -501.7768808671248, -582.2235129677979, -2149.1254929190895, -499.32380576044204, -500.756704011117, -683.8799355407493, -400.67636947329487, -629.1797259851368, -365.5501933664129, -457.10359865447845, -321.79271496699863, -413.65454170374056, -453.9500970165659, -435.7044280525488, -414.16917585055415, -366.79642816327146, -851.8764628059406, -545.2077435545584, -707.6768728047844, -566.9534078990841, -1043.1163237923085, -1001.9597842502797, -370.1764358872239, -474.96263194983385, -521.5310409851212, -653.9191202553211, -626.8803787801255, -500.3999885741828, -465.2097677782329, -366.5607141513877, -306.85974466638197, -1600.0354909683224, -356.2162419966762, -605.9377346018159, -410.442626353043, -490.5255124319754, -641.495989783906, -650.4940343212634, -733.0176750267601, -949.0789622017577, -393.5192050337215, -749.1633246508386, -465.38474721423444, -1790.7272688132382, -961.4616001231732, -434.46352275694215, -319.8001824054308, -570.9468988219326, -446.21141787329066, -373.368059939997, -2812.185027534437, -573.1739581066607, -859.6875098072102, -589.9382506638211, -557.6126555644455, -485.610329185423, -1137.377855329933, -383.24398926143425, -842.0769902069798, -820.1523199290135, -513.4281502294613, -892.3290346502212, -1027.705746763575, -409.5336821376386, -661.2394921506725, -1110.9813440731937, -417.88929611154816, -799.262432174376, -509.3094859425142, -1626.9741225146797, -503.6148272807487, -1959.0621431139318, -618.008793013802, -590.5518427055607, -456.71024169625366, -422.6621098217037, -435.05024181600623, -430.4041062204339, -542.2076751915669, -507.5530815795161, -830.9889380412167, -361.1241624935677, -625.489079142829, -614.9147011767667, -626.1297881476746, -886.964308442482, -387.5886239404443, -478.75465388024736, -856.3892321983645]","[242, 242, 242, 242, 242, 242, 242, 242, 242, 242, 242, 242, 242, 242, 242, 242, 242, 242, 242, 242, 242, 242, 242, 242, 242, 242, 242, 242, 242, 242, 242, 242, 242, 242, 242, 242, 242, 242, 242, 242, 242, 242, 242, 242, 242, 242, 242, 242, 242, 242, 242, 242, 242, 242, 242, 242, 242, 242, 242, 242, 242, 242, 242, 242, 242, 242, 242, 242, 242, 242, 242, 242, 242, 242, 242, 242, 242, 242, 242, 242, 242, 242, 242, 242, 242, 242, 242, 242, 242, 242, 242, 242, 242, 242, 242, 242, 242, 242, 242, 242]",1.0960940846027716,0.29647972888372087,1.4999769403800076,0.10722941550535683,3271.305,1479.532,11421.765,423.752,3.698,116160,116160,53.11463414634146,85.85365853658537,0.7624390243902438,0.4372282094913973,0.0,0.44999999999999996,4.999999999999999e-05,24102.72314453125,-0.021963192113234026,24102.739463404607,0.03818272,0.011875562369823456,5.310662646042673,0.0
-306.85974466638197,-2812.185027534437,-688.6853247334055,242.0,20,5,121000,True,500,25,d3bdbc0ad9ad4b258cc4f536fde97f87,2021-06-06_17-15-19,1622988919,34.21513533592224,361.5345480442047,17196,hany606,192.168.0.107,361.5345480442047,0,25,c13f8_00000,"[-314.69457444955407, -559.264188623287, -595.3762191234017, -535.4908965078154, -740.6225629791035, -458.4029088138675, -552.5817073573345, -868.0306133769643, -1082.9899627183288, -527.4914121678655, -524.6258381454811, -362.80515453810017, -582.0645636578646, -650.5397171093707, -496.9253873708168, -619.3340462407796, -673.1398342654846, -557.9499880366229, -489.1263089988249, -1444.23439924584, -366.5607141513877, -306.85974466638197, -1600.0354909683224, -356.2162419966762, -605.9377346018159, -410.442626353043, -490.5255124319754, -641.495989783906, -650.4940343212634, -733.0176750267601, -949.0789622017577, -393.5192050337215, -749.1633246508386, -465.38474721423444, -1790.7272688132382, -961.4616001231732, -434.46352275694215, -319.8001824054308, -570.9468988219326, -446.21141787329066, -373.368059939997, -2812.185027534437, -573.1739581066607, -859.6875098072102, -589.9382506638211, -557.6126555644455, -485.610329185423, -1137.377855329933, -383.24398926143425, -842.0769902069798, -820.1523199290135, -513.4281502294613, -892.3290346502212, -1027.705746763575, -409.5336821376386, -661.2394921506725, -1110.9813440731937, -417.88929611154816, -799.262432174376, -509.3094859425142, -1626.9741225146797, -503.6148272807487, -1959.0621431139318, -618.008793013802, -590.5518427055607, -456.71024169625366, -422.6621098217037, -435.05024181600623, -430.4041062204339, -542.2076751915669, -507.5530815795161, -830.9889380412167, -361.1241624935677, -625.489079142829, -614.9147011767667, -626.1297881476746, -886.964308442482, -387.5886239404443, -478.75465388024736, -856.3892321983645, -481.21820047645804, -682.2323682250637, -413.08476502187267, -589.2550825034881, -1027.687327418572, -1429.636531292086, -396.5123964200842, -554.5086016685128, -488.56943384626425, -427.4961269360214, -650.5575585378136, -501.7768808671248, -582.2235129677979, -2149.1254929190895, -499.32380576044204, -500.756704011117, -683.8799355407493, -400.67636947329487, -629.1797259851368, -365.5501933664129]","[242, 242, 242, 242, 242, 242, 242, 242, 242, 242, 242, 242, 242, 242, 242, 242, 242, 242, 242, 242, 242, 242, 242, 242, 242, 242, 242, 242, 242, 242, 242, 242, 242, 242, 242, 242, 242, 242, 242, 242, 242, 242, 242, 242, 242, 242, 242, 242, 242, 242, 242, 242, 242, 242, 242, 242, 242, 242, 242, 242, 242, 242, 242, 242, 242, 242, 242, 242, 242, 242, 242, 242, 242, 242, 242, 242, 242, 242, 242, 242, 242, 242, 242, 242, 242, 242, 242, 242, 242, 242, 242, 242, 242, 242, 242, 242, 242, 242, 242, 242]",1.113367144274296,0.30090663185733485,1.521528791351031,0.10861961068703843,3611.883,1340.021,13261.994,364.953,3.833,121000,121000,51.563414634146326,85.14878048780488,0.7839024390243903,0.4403108995700675,0.0,0.44999999999999996,4.999999999999999e-05,10143.43502004523,-0.023633056075165148,10143.453125,0.038747568,0.012506168727812014,5.384820486369886,0.0
